ASIAN NATIONS,Search the Wor(l)d,100,AFGHANISTAN,BAHRAIN,BANGLADESH,BHUTAN,BRUNEI,CAMBODIA,CHINA,EASTTIMOR,INDIA,INDONESIA,IRAN,IRAQ,ISRAEL,JAPAN,JORDAN,KAZAKHSTAN,KUWAIT,KYRGYZSTAN,LAOS,LEBANON,MALAYSIA,MALDIVES,MONGOLIA,MYANMAR,NEPAL,OMAN,PAKISTAN,PHILIPPINES,QATAR,RUSSIA,SAUDIARABIA,SINGAPORE,SRILANKA,SYRIA,TAIWAN,TAJIKISTAN,THAILAND,TURKEY,VIETNAM,YEMEN
EUROTRIP,Search the Wor(l)d,100,ALBANIA,ANDORRA,ARMENIA,AUSTRIA,AZERBAIJAN,BELARUS,BELGIUM,BULGARIA,CROATIA,CYPRUS,DENMARK,ESTONIA,FINLAND,FRANCE,GEORGIA,GERMANY,GREECE,HUNGARY,ICELAND,IRELAND,ITALY,LATVIA,LITHUANIA,MACEDONIA,MALTA,MOLDOVA,MONACO,NETHERLANDS,NORWAY,POLAND,PORTUGAL,ROMANIA,RUSSIA,SANMARINO,SERBIA,SLOVAKIA,SLOVENIA,SPAIN,SWEDEN,SWITZERLAND,TURKEY,UKRAINE,VATICANCITY
FIFTY NIFTY,Search the Wor(l)d,100,ALABAMA,ALASKA,ARIZONA,ARKANSAS,CALIFORNIA,COLORADO,CONNECTICUT,DELAWARE,FLORIDA,GEORGIA,HAWAII,IDAHO,ILLINOIS,INDIANA,IOWA,KANSAS,KENTUCKY,LOUISIANA,MAINE,MARYLAND,MICHIGAN,MINNESOTA,MISSISSIPPI,MISSOURI,MONTANA,NEBRASKA,NEVADA,NEWJERSEY,NEWMEXICO,NEWYORK,OHIO,OKLAHOMA,OREGON,RHODEISLAND,TENNESSEE,TEXAS,UTAH,VERMONT,VIRGINIA,WASHINGTON,WISCONSIN,WYOMING
PIRATES!,Search the Wor(l)d,100,ADVENTURE,AHOY,ANCHOR,AYEAYE,BARREL,BOUNTY,CAPSIZE,CHEST,COINS,COMPASS,CROOK,GALLEON,GUNPOWDER,DOUBLOON,FLAG,HAUL,HIJACK,LANDLUBBER,JOLLYROGER,LOOKOUT,MAROON,MUTINY,NAUTICAL,OCEAN,PILLAGE,PIRATE,RAID,RUFFIAN,SAILOR,SCAR,GROG
PREHISTORIC PROWL,Search the Wor(l)d,100,EXTINCT,CARNIVORE,STEGOSAURUS,TRIASSIC,TREX,FOSSIL,DIPLODOCUS,PTERODACTYL,REPTILE,FOOTPRINT,VOLCANO,PREDATOR,CRETACEOUS,TRICERATOPS,HERBIVORE,RAPTOR,EXCAVATE,IMPRINTS,SKELETON,TEETH,APATOSAURUS,JURASSIC
VIKINGVALE,Search the Wor(l)d,100,BARBARIAN,CONFLICT,CONQUEST,COASTAL,DESTROY,DROWN,EMPIRE,EXTOL,GODS,HEATHEN,HEROIC,HORNS,INVADE,KING,NORSEMEN,MEDIEVAL,RAID,SAGA,SAIL,SAVAGE,SHIPS,STOIC,TRAVEL,TRADITION,VOYAGE,WARFARE,WARRIOR
COOLING DOWN,Search the Wor(l)d,100,AUTUMN,NOVEMBER,ICEHOCKEY,PENGUIN,LEAVES,SNOWMAN,INDOORS,FIREPLACE,EARMUFFS,SKIING,SHOVELING,WINTER,THANKSGIVING,ICEPACK,SNOWSTORM,ICICLE,FROZEN,SNOWFLAKE
WARMING UP,Search the Wor(l)d,100,SPRING,APRIL,BASEBALL,BREEZE,BLOOM,BLOSSOM,BULB,BUNNY,CHICK,DAFFODIL,EASTER,EGGS,FLOWERS,GREEN,GROWING,HATCHING,NEST,PUDDLES,RAIN,ROBIN,UMBRELLA,SHOWERS,SUNSHINE,SPROUT,OUTDOORS,LIGHT
MAUVELOUS COLORS,Witty Words Pack,101,MALACHITE,GAMBOGE,FALLOW,RAZZMATAZZ,ARSENIC,FELDGRAU,XANADU,BISQUE,CARNELIAN,FLAVESCENT,MAUVELOUS,PATRIARCH,ZOMP,WISTERIA,VERMILLION,PHLOX
OWL FIND IT!,Witty Words Pack,101,FISHBOWL,FOWLER,GROWL,HOLLOWLY,HOWLING,KNOWLEDGE,LOWLIGHT,PROWL,SCOWL,SEAFOWL,SLOWLY,TOWLINE,VOWLESS,YOWL,WINDOWLESS,BEHOWL,ACKNOWLEDGE,BOWLEGS,BOWLER,COWL
WORDS OF NOTE,Witty Words Pack,101,CROTCHET,MINIM,SEMIBREVE,QUAVER,DOTTEDNOTE,TUPLET,CADENCE,SCALE,CHORD,CLEF,CODA,ENCORE,ALLEGRO,GLISSANDO,MAJOR,MINOR,MODULATION,RITARDANDO,SPICCATO,PIZZICATO,TREMOLO,VIBRATO,CANTABILE,DOUBLESTOP
RHYMES WITH 'HELLO',Witty Words Pack,101,ROADSHOW,YELLOW,ALTHOUGH,CHATEAU,BORDEAUX,VANGOGH,BESTOW,WHOA,GAMESHOW,PLOW,OUTGROW,TABLEAU,QUIDPROQUO,STATUSQUO
THE BUZZ(WORD)?,Witty Words Pack,101,TOUCHBASE,COMPELLING,GROWTH,TOPDOWN,BIGPICTURE,LEGACY,LEVERAGE,ALIGNMENT,STREAMLINE,SYNERGY,PROACTIVE,BANDWIDTH,DOWNSIZING,BIGDATA,CLOUD,HOLISTIC,DEMOGRAPHIC,STEALTH,DISRUPT
YE OLDE WORDES,Witty Words Pack,101,JARGOGLE,CORRADE,KENCH,BRABBLE,HODDYPEAK,BEQUEATH,BETWIXT,COMETH,DURST,DOST,HATH,HUZZAH,MERE,NARY,NAUGHT,ONUPPAN,OVERMANY,PRITHEE,SHALT,WHENCE,WHITHER,WROUGHT,YORE,THITHER
VOCAB CHALLENGE 1,Witty Words Pack,101,ABHOR,BIGOT,COUNTERFEIT,ENFRANCHISE,HAMPER,KINDLE,NOXIOUS,PLACID,ABROGATE,CREDIBLE,BLITHE,TEMPER,CRINGE,LACONIC,ACCOLADE,OBLITERATE,ACQUIESCE,PRISTINE,PARADIGM,FALTER,MALINGER,PARADOX,DIKE,PARASITE,URBANE,IRASCIBLE,EDIFICE,EFFIGY,GLACIAL
VOCAB CHALLENGE 2,Witty Words Pack,101,ALACRITY,POSTULATE,EUPHONY,OLFACTORY,BUTTRESS,BYLINE,LINIMENT,SACCHARIN,SACROSANCT,EXCULPATE,DEPRAVITY,LOFTY,IMPARTIAL,ARCHETYPE,ASSUAGE,COLLATE,INSTIGATE,PYROMANIA,VIGNETTE,CONGEAL,PERUSE,SUCCINCT,WHELP,GRAVITY,PETRIFY,JUXTAPOSE
SUPERHUMAN ABILITIES,Witty Words Pack,101,FASTHEAL,INVISIBLE,TELEKINESIS,FLYING,LEVITATION,CLONES,LIGHTNING,FIRE,ICE,HEATRAY,WEBSHOT,TELEPORT,TIMESTOP,MAGICRING,SNEAKATTACK,ULTIMATE,PETRIFY,SUMMON,BANISH
COMPUTER [K]EYS,Favorite Things Pack,102,TILDE,GRAVE,EXCLAMATION,HASH,DOLLAR,PERCENT,CIRCUMFLEX,AMPERSAND,ASTERISK,PARENTHESES,HYPHEN,PLUSSIGN,BRACES,BRACKETS,SEMICOLON,FULLSTOP,ELLIPSIS,VIRGULE,BACKSLASH
DOG NEEDS A NAME?,Favorite Things Pack,102,ASTRO,BUMPKIN,COCOPUFF,DAMSEL,EINSTEIN,FLUFFY,GORGEOUS,HUNTER,ICARUS,JUNIPER,KUJO,LUCKY,MEATLOAF,NEPTUNE,OTIS,PIGGYWIGGY,QUEENBEE,RAMBO,SCRAPPYDOO,TIGGER,UGLYBUGLY,VANDAMME,WOOFIE,XENA,YOGIBEAR,ZULU
PASSION FOR FASHION,Favorite Things Pack,102,DESIGNER,CUT,GOWN,HAIRPIN,SUIT,COAT,TUXEDO,FASHION,CLOTHES,DRESS,TROUSERS,SUNGLASSES,SHORTS,STYLE,JEANS,SNEAKERS,HANDBAG,HOODIE,KIMONO,NECKLACE,PEPLUM,TOGA
HAT'S THE WORD?,Favorite Things Pack,102,TOPHAT,FEZ,BEARSKIN,STOVEPIPE,TRICORN,FEDORA,DERBY,TRILBY,SOMBRERO,BOWLER,BUSBY,GHUTRAH,SHAKO,FLATCAP,DEERSTALKER,BICORN,HORNBURG,SLOUCH,PANAMA,TOQUE,BEANIE,GATSBY,CAUBEEN,CHUPALLA,KEPL,BOATER,TOREO,BASEBALLCAP,BERET
INSTRUMENTAL WORDS,Favorite Things Pack,102,ACCORDION,BAGPIPES,BANJO,BASS,BONGO,BUGLE,DRUMS,FIDDLE,EUPHONIUM,FLUTE,GLOCKENSPIEL,GUITAR,DULCIMER,HARPSICHORD,HURDYGURDY,LUTE,MARIMBA,MANDOLIN,OBOE,ORGAN,PANPIPES,RECORDER,SAXOPHONE,TRIANGLE,TROMBONE,TRUMPET,VIOLIN,WHISTLE
SPO(R)T THE WORD,Favorite Things Pack,102,ALLSTAR,FOOTBALL,FIELD,RACING,RAMPS,FOUL,GOAL,REFEREE,GRANDPRIX,BALLPARK,HELMET,SCOREBOARD,HOMERUN,HOCKEY,BASKETBALL,SOCCER,JERSEY,BOWLING,STRIKE,SWING,MASCOT,CHEER,COACH,TIMEOUT,CROWD,TRACK,TRIATHLON,PLAYER,DUGOUT,PUCK
MAKE ME UP,Favorite Things Pack,102,EYESHADOW,LIPSTICK,BLUSH,MASCARA,EYELINER,PRIMER,BRONZER,LIPGLOSS,POWDER,HIGHLIGHTER,BRUSH,TWEEZER,EYEBROWGEL,LIPLINER,LASHCURLER
REEL LIFE,Favorite Things Pack,102,ACTOR,BOXOFFICE,DIRECTOR,FILM,EDITOR,JUMPCUT,LOCATION,MAKEUP,ACTRESS,EXTRA,STANDIN,STUNTMAN,TRAILER,SET,PRODUCER,OUTTAKE,NEGATIVE,UNDERCRANK,WRITER,ZOOM,CLOSEUP,CUTAWAY,DOLLY,LONGSHOT,MONTAGE,SEQUENCE,LINES,SCRIPT,TITLE,VOICEOVER,TILT
HEART TO FIND,Favorite Things Pack,102,LOVE,GIRLFRIEND,BOYFRIEND,CRUSH,FLIRT,FIANCE,DATING,KISS,GIFT,HUG,FLOWERS,CHOCOLATE,BREAKUP,NOTE,ADMIRE,ADULATE,BUTTERFLIES,SOULMATE,AFLUTTER,TRUST,TREASURE,CUPID,CANDY,CANDLES,RED,ROMANCE,LOVER,BOUQUET,CHERUB,SNUGGLE,CUDDLE
JUST DESSERTS,Hungry to Play Pack,103,ANGELFOOD,APPLEPIE,BAKLAVA,BISCOTTI,BROWNIE,CAKE,COOKIE,CUSTARD,DONUT,ECLAIR,GELATO,GINGERBREAD,ICECREAM,MOUSSE,MUFFIN,SCONE,SMORES,SUNDAE,STRUDEL,TOFFEE,TRUFFLE
ZOMBIE APOCALYPSE,Hungry to Play Pack,103,RIVE,BLUDGEON,APOCALYPSE,BEHEAD,CLEAVE,GOUGE,BERSERK,SWARM,LEGION,HORDE,STAGGER,CEREBELLUM,BRAINS,FESTER,EXUDATE,STANCH,CROWBAR,PULLULATE,HIDEOUT
POTENT POTABLES,Hungry to Play Pack,103,ABSINTHE,BOURBONS,BRANDY,CHAMPAGNE,COGNAC,MOONSHINE,PASTIS,SCOTCH,SHERRY,TEQUILA,VODKA,WHISKEY,BEER,GRAPPA,KIRSCH,MESCAL,OUZO,PULQUE,SLIVOVITZ,SPIRITS
KEEP CALM AND YOGA,Hungry to Play Pack,103,TREE,DOWNWARDDOG,WARRIOR,SCORPION,PLANK,WILDTHING,HAPPYBABY,NAMASTE,BRIDGE,CAMEL,FULLBOAT,HALFMOON,THUNDERBOLT,TORTOISE,WHEEL,LOTUS,MOUNTAIN,TRIANGLE,HERON,LOCUST
PASTA LA VISTA,Hungry to Play Pack,103,SPAGHETTI,BIGOLI,PICI,SOBA,UDON,ZITONI,LASAGNE,LINGUINE,TRENETTE,FIDEUA,PENNE,RIGATONI,FARFALLE,FIORI,GIGLI,LANTERNE,QUADRETTINI,PIEROGI,RAVIOLI,TORTELLINI,GNOCCHI,PASSATELLI,FREGULA,FIDEOS,ROTELLE,ROTINI
PUZZLE PIE-CES,Hungry to Play Pack,103,APPLE,BANANA,CHESS,KEYLIME,PEACH,PECAN,APRICOT,CUSTARD,LEMON,PINEAPPLE,STRAWBERRY,APRICOT,BLUEBERRY,CHERRY,COCONUT,PEAR,PUMPKIN,VANILLA,RHUBARB
NICEY-SPICEY,Hungry to Play Pack,103,ANISE,BASIL,CAMOMILE,CAPSICUM,CARDAMOM,CHERVIL,CHIVES,CLOVES,CUMIN,DILL,GINGER,GALANGAL,JUNIPER,LAVENDER,MACE,MUSTARDSEED,NUTMEG,PAPRIKA,PARSLEY,POPPYSEED,SAGE,ROSEMARY,SESAME,VANILLABEAN,SPEARMINT,TURMERIC,SAFFRON
FRUIT BANAN(Z)A,Hungry to Play Pack,103,APPLE,CHERRY,BLUEBERRY,ORANGE,TANGERINE,WATERMELON,TAMARIND,RAMBUTAN,QUINCE,POMEGRANATE,NECTARINE,GUAVA,FIG,CANTALOUPE,BANANA,ZUCCHINI,TOMATO,JAMBOLAN
AUTOMOBILIA,Whole Lotta Words Pack,1,TIRES,TURBOCHARGE,SHIFTKNOB,SPARKPLUG,GASOLINE,MUFFLER,COMBUSTION,INJECTORS,OILCHANGE,AIRINTAKE,FOGLIGHTS,SUPERCHARGE,CATALYTIC,CYLINDER,CAMSHAFT,HORSEPOWER,TORQUE,CRANKSHAFT,TAILLAMPS,BLINKER,EXHAUST,PEDALS,DRIVETRAIN,SPOILER,GEARBOX,SUSPENSION,BRAKEPADS,ROTOR,CALIPER,CHASSIS,BURNOUT,CLUTCH,CARBONFIBER,MONOCOQUE
BIG BLUE SEA,Whole Lotta Words Pack,1,DOLPHIN,SEAOTTER,ALBATROSS,WHALESHARK,GREATWHITE,PLANKTON,BALEEN,TIGERSHARK,PORPOISE,HUMPBACK,WALRUS,SEALION,SEAL,MANATEE,DUGONG,ANGLERFISH,OCTOPUS,GIANTSQUID,PUFFERFISH,CLOWNFISH,HALIBUT,KINGCRAB,LOBSTER,CLAM,OYSTER,PEARL
HAWAIIAN HIDEAWAY,Whole Lotta Words Pack,1,HAWAII,MAUI,OAHU,KAUAI,MOLOKAI,LANAI,NIIHAU,KAHOOLAWE,COCONUT,SURF,VOLCANO,PACIFIC,TROPICAL,RAINFOREST,POLYNESIA,ALOHA,LUAU,MAHALO,TARO,POI,SUGARCANE,UKULELE,WAVES,CORALREEF,LEI,PLUMERIA,RAINBOW
MANHUNT,Whole Lotta Words Pack,1,ADAMANT,ALAMANAC,HUMAN,ROMANTIC,MANAGE,MANIA,WOMAN,COMMAND,DEMAND,REPRIMAND,DISMANTLE,DORMANT,EMANATE,GERMAN,MANIKIN,PERMANENT,MANACLE,OTTOMAN,PERFORMANCE,SHAMAN,TALISMAN,MANURE,MANUAL,MANIFEST,INFORMANT,GORMAND
HAPPY HOLIDAYS,Whole Lotta Words Pack,1,CHRISTMAS,EASTER,STPATRICKS,PASSOVER,RAMADAN,COLUMBUSDAY,YOMKIPPUR,EARTHDAY,LABORDAY,VETERANSDAY,HALLOWEEN,NEWYEARSEVE,HANUKKAH,KWANZAA,VALENTINES,CINCODEMAYO,MOTHERSDAY,FATHERSDAY,MEMORIALDAY,MARDIGRAS,BOXINGDAY
SAY CHEESE,Whole Lotta Words Pack,1,BRIE,GRUYERE,MOZZARELLA,GOUDA,CHEDDAR,PEPPERJACK,SWISS,COTIJA,PANEER,HAVARTI,CAMEMBERT,MUNSTER,ROQUEFORT,FETA,ASIAGO,MASCARPONE,PARMESAN,RICOTTA,PROVOLONE,GORGONZOLA,NACHO,QUESOFRESCO,COLBYJACK,AMERICAN,CREAMCHEESE
ZOOMANIA,Whole Lotta Words Pack,1,TREEFROG,ALLIGATOR,GIRAFFE,ELEPHANT,BALDEAGLE,IGUANA,PYTHON,TORTOISE,PUFFIN,EGRET,PENGUIN,OSTRICH,MACAW,CHEETAH,GRIZZLYBEAR,LION,TIGER,RHINOCEROS,HIPPO,HYENA,LEMUR,CHIMPANZEE,TAMARIN,OPOSSUM,CAPYBARA,KANGAROO,GIANTSLOTH,ARMADILLO,ANTEATER,TOUCAN,ANTELOPE,EMU,FINCH,MONGOOSE,MEERKAT,PECCARY
SPIN THAT RECORD,Whole Lotta Words Pack,1,COUNTRY,GLAMROCK,HIPHOP,GOSPEL,ROCKNROLL,SWING,BEBOP,FOLK,SOUL,METAL,ELECTRONIC,DUBSTEP,BLUES,CLASSICAL,BAROQUE,ORCHESTRAL,GRUNGE,SCREAMO,PUNKROCK,POP,OPERA,INDIEROCK,BLUEGRASS,HOUSE,TRANCE,RAP,SKA,DIXIELAND,SOUL,HARDBOP,SALSA,REGGAETON,DOOWOP,BARBERSHOP,KLEZMER,AFROPOP
REALLY BIG LAKES,Whole Lotta Words Pack,1,SUPERIOR,CASPIANSEA,TITICACA,MICHIGAN,GREATSALT,TAHOE,NICARAGUA,GREATBEAR,CHAD,ERIE,WINNIPEG,ONTARIO,VICTORIA,LADOGA,REINDEER,MANITOBA,BAIKAL,ALBERT,MALAWI
BIRDS OF A FEATHER,Whole Lotta Words Pack,1,PIGEON,SEAGULL,MALLARD,KINGPENGUIN,BLUEHERON,CANADAGOOSE,BLUEJAY,ROADRUNNER,ORIOLE,WOODPECKER,WILDTURKEY,PELICAN,FLAMINGO,MASKEDBOOBY,ROBIN,REDTAILHAWK,CONDOR,KINGFISHER,BUZZARD,PARROT,PARAKEET,BARNOWL,MEADOWLARK,SWALLOW,KIWI
ANCIENT ARMOR,Whole Lotta Words Pack,1,COIF,HAUBERK,GAUNTLET,MANTLE,HELM,GREAVES,SPAULDERS,AILETTE,BRIGANDINE,BRACERS,BURGONET,SABATON,DOUBLET,RONDEL,CHAINMAIL,PLATE,VAMBRACES,GAMBESON,GORGET,PAULDRONS
PLUCKY PRESIDENTS,Whole Lotta Words Pack,1,MONROE,WASHINGTON,ADAMS,JACKSON,FILLMORE,TAYLOR,POLK,HARRISON,TYLER,PIERCE,BUCHANAN,LINCOLN,JOHNSON,GRANT,HAYES,GARFIELD,ARTHUR,CLEVELAND,MCKINLEY,ROOSEVELT,TAFT,WILSON,HARDING,COOLIDGE,HOOVER,TRUMAN,EISENHOWER,KENNEDY,JOHNSON,NIXON,BUSH,FORD,CARTER,REAGAN,OBAMA,CLINTON
DRUMMER'S DEPOT,Whole Lotta Words Pack,1,BASSDRUM,BELL,BONGO,CASTANET,CHIME,CLAVES,CONGA,COWBELL,CYMBAL,MARACA,MARIMBA,GONG,RATCHET,SIREN,SLEIGHBELLS,SNAREDRUM,TAMBOURINE,TEMPLEBLOCK,TIMBALES,TRIANGLE,WINDCHIME,WOODBLOCK,XYLOPHONE,TABLA,STEELDRUM,DJEMBE
HANDYMAN HEAVEN,Whole Lotta Words Pack,1,HAMMER,CHISEL,HACKSAW,WOODPLANE,FILE,RASP,WIRECUTTER,VISEGRIP,SANDPAPER,TROWEL,STEELWOOL,ROUTER,CIRCULARSAW,DRILLBIT,SCREWDRIVER,FLATHEAD,PHILLIPS,CLAMPS,LEVEL,COPINGSAW,RATCHET,WRENCH,SOCKET,PUTTYKNIFE,SOLDER
AIRY FAIRY,Whole Lotta Words Pack,1,FAIRY,ABRACADABRA,ALCHEMY,BEWITCH,DANCING,RING,FANTASY,FOLKLORE,GNOME,GOBLIN,ILLUSION,IMAGINARY,KINGDOM,LEPRECHAUN,MAGICCARPET,NEWT,MONSTER,MYSTICAL,SPELL,WAND,LUCKY,CLOVER
GARDEN GROWN,Pets and Plants Pack,2,ASPARAGUS,EGGPLANT,POTATOES,SQUASH,CELERY,SNOWPEAS,CORN,CUCUMBER,CAULIFLOWER,BROCCOLI,CARROTS,ENDIVE,RADICCHIO,WHEATGRASS,SWISSCHARD,ARUGULA,BOKCHOY,KALE,ARTICHOKE,BEANSPROUTS,ROCKET,TURNIP,DAIKON,JICAMA,RUTABAGA,HORSERADISH,PEAS
WHAT'S UP DOG,Pets and Plants Pack,2,CORGI,DACHSHUND,LABRADOR,RETRIEVER,MALTESE,POODLE,AFGHANHOUND,AKITA,MALAMUTE,BULLDOG,FOXHOUND,GREATDANE,BASSETHOUND,CHIHUAHUA,MASTIFF,SHEEPDOG,PEKINGESE,GREYHOUND,BEAGLE,IRISHSETTER,SHIBAINU,STBERNARD,WEIMARANER,TERRIER,WHIPPET,SCHNAUZER,PUG
AMERICAN ANIMALS,Pets and Plants Pack,2,BADGER,COUGAR,BOBCAT,BEAVER,MOOSE,MUSKRAT,ARMADILLO,POLARBEAR,REDSQUIRREL,SEAOTTER,WOODCHUCK,ELK,BLACKBEAR,ARCTICHARE,CARIBOU,COYOTE,DEERMOUSE,ERMINE,GRAYWOLF,GRIZZLYBEAR,MUSKOX,RACCOON,CHIPMUNK,PYGMYSHREW,PALLIDBAT,SKUNK,SWAMPRABBIT,ALLIGATOR
SOMETHING'S FISHY,Pets and Plants Pack,2,HALIBUT,MAHIMAHI,ALBACORE,TUNA,CATFISH,CARP,HERRING,SALMON,REEFSHARK,SOLE,SWORDFISH,MARLIN,FLYINGFISH,LAMPREY,TROUT,BASS,REDSNAPPER,CLOWNFISH,FLOUNDER,SUNFISH,DAGGERTOOTH,PUFFERFISH,BLUEGILL,SCABBARDFISH,STURGEON,BARRACUDA
FEELING FRUITY,Pets and Plants Pack,2,DATE,APRICOT,FIG,PLUM,LIME,COCONUT,GUAVA,BOYSENBERRY,GRAPEFRUIT,LEMON,MANGO,KUMQUAT,ORANGE,CLEMENTINE,GOOSEBERRY,HONEYDEW,PEAR,PERSIMMON,PINEAPPLE,TOMATO,WATERMELON,CANTALOUPE,LYCHEE,AVOCADO,BANANA,DRAGONFRUIT,HUCKLEBERRY
WHAT'S COOKIN',Pets and Plants Pack,2,OVEN,SPATULA,STOVE,KETTLE,TONGS,LADLE,WHISK,TEASPOON,COLANDER,DUTCHOVEN,SAUCEPAN,BASTER,TOASTER,BLENDER,STANDMIXER,SLOWCOOKER,JUICER,GRIDDLE,WAFFLEIRON,GARLICPRESS,MICROWAVE,FREEZER,SPICERACK,DISHWASHER,WOK
COFFEE CRAZE,Pets and Plants Pack,2,COFFEE,COFFEAPLANT,ROASTED,CAFFEINE,BREW,DECAF,INSTANT,DRIP,ESPRESSO,LIGHTROAST,MEDIUMROAST,DARKROAST,BARISTA,MUG,CAFEMOCHA,LATTE,CAPPUCCINO,MACCHIATO,CHAI,AMERICANO,ESPRESSINO,FRENCHPRESS,FILTER,CREAMER,STEAMEDMILK,GRINDER
PICTURE PERFECT,Outta this World Pack,3,BODY,LENS,SENSOR,SHUTTER,APERTURE,FLASH,ISO,COMPOSITION,PERSPECTIVE,ASPECTRATIO,EXPOSURE,AUTOFOCUS,FISHEYE,NEGATIVE,CURVATURE,DARKROOM,FOREGROUND,PANORAMA,PARALLAX,SOFTFOCUS,TELEPHOTO,TRIPOD,WIDEANGLE,VIEWFINDER,ZOOM
BEACH BUMS,Outta this World Pack,3,SAND,SUNSHINE,PALMTREE,TROPICAL,SALTWATER,WAVES,TIDE,SWELL,SWIMSUIT,TOWEL,SUNSET,SURFBOARD,BODYSURFING,BEACHCHAIR,UMBRELLA,SUNBLOCK,PIER,SEASHELL,SANDCRABS,KELP,TAN,SUNGLASSES,SNORKEL,SANDALS,BOARDWALK
SPACE OUT,Outta this World Pack,3,STAR,DARKMATTER,COMET,PLANET,CORONA,GALAXY,UNIVERSE,MOON,SATELLITE,ASTEROID,BLACKHOLE,GRAVITY,LIGHTYEAR,ORBIT,BINARYSTAR,NEBULA,NEUTRONSTAR,NOVA,PULSAR,QUASAR,SINGULARITY,PARALLAX,PARSEC,FUSION,BIGBANG
FLYING HIGH,Outta this World Pack,3,COCKPIT,WING,TURBINE,FUSELAGE,SLATS,ELEVATOR,RUDDER,STABILIZER,AILERON,WINGLET,LIFT,THRUST,DRAG,PITCH,YAW,ROLL,PROPERLLER,LANDINGGEAR,AIRFOIL,COWL,WINGSPAN,TACHOMETER,TAILWHEEL,THROTTLE,AERODYNAMIC
CAPS LOCK,Outta this World Pack,3,VIENNA,BUENOSAIRES,SANTIAGO,KABUL,TIRANA,ALGIERS,NASSAU,MANAMA,MINSK,BRUSSELS,LAPAZ,SOFIA,OTTAWA,BEIJING,BOGOTA,HAVANA,PRAGUE,CAIRO,PARIS,ATHENS,GEORGETOWN,TEGUCIGALPA,BUDAPEST,NEWDELHI,JAKARTA,TEHRAN,BAGHDAD,DUBLIN,ROME,TOKYO,SEOUL,SINGAPORE,LONDON,MONACO,BELGRADE,ABUDHABI,TASHKENT,BANGKOK,STOCKHOLM
COMPUTERRIFIC,Outta this World Pack,3,RAM,CPU,MONITOR,POWERSUPPLY,KEYBOARD,MOUSE,SERVER,MOTHERBOARD,SPEAKERS,SOUNDCARD,WIFI,FLASHDRIVE,LCD,COOLINGFAN,MEMORY,HARDDRIVE,SOLIDSTATE,MODEM,ROUTER,WEBCAM,INTERNET,TOUCHPAD,CASE,CHIPSET,PRINTER,MICROPHONE,TOUCHSCREEN,GPU
MUST BE THE MONEY,Outta this World Pack,3,DOLLAR,POUND,EURO,PESO,RUBLE,RUPEE,YUAN,YEN,RUPIAH,KRONA,LEMPIRA,QUETZAL,SHILLING,LIRA,FRANC,DONG,BOLIVAR,HRYVNIA,DINAR,BAHT,DIRHAM,NAIRA,WON,ESCUDO,TAKA,DRAM,FLORIN
GREEK GODS,Outta this World Pack,3,HERMES,APOLLO,ARES,ARTEMIS,HADES,DIONYSUS,DEMETER,HEPHAESTUS,APHRODITE,ATHENA,HERA,HESTIA,POSEIDON,ZEUS,ARTHUR,ANANKE,CHAOS,CHRONOS,EROS,HYPNOS,URANUS,NYX,TARTARUS,EREBOS,PONTUS
CAR CHASE,Outta this World Pack,3,CART,CARGO,CARP,SCAR,VICAR,OXCART,DISCARD,PLACARD,SCARCE,MACARONI,DAYCARE,BACCARAT,OCARINA,CAROUSEL,CARABINEER,BICARBONATE,CARBURETOR,REINCARNATE,SCARECROW,MASCARPONE,CARAT,ESCARGOT,MACAROON,VICARIOUSLY,ASCARID,PECCARY
(FIN)CEPTION,Movie Mashup Pack,4,DREAM,KICK,SLEEP,NOLAN,DICAPRIO,ZIMMER,LUCID,INCEPTION,ESPIONAGE,TOTEM,SEDATE,LIMBO,EXTRACTOR,TOURIST,POINTMAN,ARCHITECT,FORGER,CHEMIST,GILL,GROUPER,ANGLER,HAMMERHEAD,HERRING,PUFFER,BARRELEYE,MUDSKIPPER,STARGAZER,SALMON,EULACHON,YELLOWTAIL,WRYMOUTH,SLIMEHEAD
INDIANA JOKES,Movie Mashup Pack,4,STANDUP,COMEDIAN,KNOCKKNOCK,SLAPSTICK,LAUGH,JOKES,SATIRE,HUMOUR,DEADPAN,PUNS,PUNCHLINE,HECKLER,FUNNY,COMIC,BULLWHIP,PROFESSOR,ARTIFACT,TEMPLE,FEDORA,HARRISON,INDIANA,RELIC,TRAP,GRAIL,LOSTARK,SKULL,CRUSADE,SNAKES,RAIDERS,STAFFOFRA,HEADPIECE,WELLOFSOULS,SHORTROUND,BROTHERHOOD
TIE-TANIC,Movie Mashup Pack,4,ANCHORBEND,ARBORKNOT,AXLEHITCH,BARRELKNOT,BEERKNOT,BOWLINE,CLOVEHITCH,BUMPERKNOT,FLEMISHKNOT,GRANNYKNOT,HALFHITCH,HALFWINDSOR,NOOSE,NAILKNOT,PRATTKNOT,REEFKNOT,RINGBEND,SLIPKNOT,SPANLOOP,SQUAREKNOT,TRIDENTLOOP,BEND,BIGHT,LOOP,END,TIE,TIGHTEN,TITANIC,SHIP,SHIPWRECK,ICEBERG,CAPSIZE,ROSE,JACK,VOYAGE,NECKLACE,COLLISION,UNSINKABLE,QUEENSTOWN,CHERBOURG,MURDOCH,LIFEBOAT,HYPOTHERMIA,STERN,DIAMOND,FIRSTCLASS,PAINTING
THE PRINCESS DAIRIES,Movie Mashup Pack,4,MILK,CHEESE,ICECREAM,KEFIR,KHOA,RICOTTA,GHEE,PANEER,QUARK,YOGURT,GELATO,CLABBER,CUSTARD,ANHYDROUS,SMETANA,THERMOPOLIS,THRONE,GENOVIA,PALACE,CROWN,DRESS,MAKEOVER,FATLOUIE,UNPOPULAR,LESSONS,CLUMSY,QUEEN,PRINCESS,ROYALBALL,DIARY,BODYGUARD,TIARA,HAIRSTYLE,BEACHPARTY,FAMOUS,PAPARAZZI
MONSTERS INK.,Movie Mashup Pack,4,NARRATIVE,PERSONIFY,STANZA,BALLAD,CONCLUSION,EPILOGUE,DIALOGUE,VERSE,HAIKU,PLOT,CHARACTER,PARAGRAPH,PUNCTUATION,LANGUAGE,NOVELLA,SHORTSTORY,THEME,PROTAGONIST,ANTAGONIST,FIRSTPERSON,CONFLICT,SYMBOL,FLASHBACK,FORESHADOW,CLIMAX,METAPHOR,SULLEY,MIKE,MONSTROPOLIS,SCARING,CHILDREN,MONSTERS,SCREAMS,CLOSETDOOR,PORTAL,SCAREFLOOR,FACTORY,SOCK,TOXIC,BOO
INDEPENDENCE DA(IS)Y,Movie Mashup Pack,4,BORONIA,CARNATION,DAHLIA,FREESIA,GODETIA,HEATHER,LUMEX,LAVENDER,MIMOSA,NERINE,PHLOX,SAFFLOWER,TELSTAR,WATSONIA,TUBEROSE,DAISYCHAIN,INVASION,ALIEN,OUTERSPACE,MOTHERSHIP,COUNTDOWN,ROSWELL,SETI,RESISTANCE,WHITEHOUSE,SPACECRAFT,GOLDBLUM,DESERT,SHIELD,FIRSTLADY,NEVADA,BLACKKNIGHTS,NUCLEAR,VIRUS
STAR * CHORES,Movie Mashup Pack,4,LAUNDRY,DISHES,VACUUM,DUSTING,SPRINGCLEAN,DISHWASHER,DRYER,LAWNMOWER,LEAFBLOWER,CHOPWOOD,IRON,BROOM,CLEANSER,BLEACH,DETERGENT,MOP,GLOVES,SPONGE,JEDI,FORCE,SITH,EMPIRE,DEATHSTAR,EPISODE,DARTHVADER,TATOOINE,GALACTIC,LEIA,SKYWALKER,CHEWBACCA,JABBA,DOOKU,WINDU,CLONE,HANSOLO,DARKSIDE,LIGHTSABER,DROIDS,EWOKS,XWING,ATAT
WRECK-IT RAFT,Movie Mashup Pack,4,BACKROLLER,BASKETBOAT,BIGWATER,CHANNEL,CURLER,DRAWSTROKE,EDDY,FALLS,FLOODPLAIN,FREEBOARD,HEAVYWATER,LEFTBANK,RAPIDS,STERN,STOPPER,TRIPLERIG,WHITEWATER,RALPH,ARCADE,CYBUG,FIXITFELIX,GLITCH,KINGCANDY,CALHOUN,VANELLOPE,VIDEOGAME,HIGHSCORE,SOURBILL,INSERTTOKEN,HAMMER,SUGARRUSH,GOKARTRACE,MEDAL,GONETURBO
WILD WILD WEST,Stars & Stripes Pack,5,COWBOY,FRONTIER,SALOON,MARSHALL,SIXSHOOTER,WANTED,BANDIT,OKCORRAL,GOLDRUSH,SHOOTOUT,BUFFALOBILL,HORSE,SADDLE,SPURS,CALABOOSE,BOOTS,LASSO,WAGONWHEEL,NOOSE,WRANGLER,SASPARILLA,MESA,CACTUS,BANDANA,GANG
NATIONAL PARKS,Stars & Stripes Pack,5,ACADIA,SEQUOIA,WINDCAVE,ZION,VOYAGEURS,ARCHES,BADLANDS,YELLOWSTONE,CONGAREE,BRYCECANYON,CAPITOLREEF,BISCAYNE,DEATHVALLEY,CRATERLAKE,BIGBEND,EVERGLADES,GLACIER,GRANDCANYON,ISLEROYALE,KATMAI,GRANDTETON,HALEAKALA,KENAIFJORDS,MAMMOTHCAVE,JOSHUATREE,OLYMPIC,PINNACLES,REDWOOD,SAGUARO,SHENANDOAH,YOSEMITE
LAND OF THE TREE,Stars & Stripes Pack,5,ASPEN,AGUE,DUCKOAK,HOLLYBAY,IRONWOOD,DOGBERRY,ALPINEFIR,JUNIPER,LAUREL,BANKSPINE,WHITEASH,ENEBRO,SYCAMORE,JUNEBERRY,BAYTREE,LARCH,MULBERRY,BOXELDER,NOBLEFIR,FRIGOLITO,RIVERPLUM,CATSPRUCE,GORDONIA,SUGARMAPLE,YEW,CHATON,SAPGUM,WEEPINGOAK,QUERCITRON,PENTAMON,MESCALBEAN,MYRTLEWOOD,JABONCILLO
TAR-GET PRACTICE,Stars & Stripes Pack,5,ALTAR,START,SITAR,TAROT,RITARD,MORTAR,GUITAR,NECTAR,ROTARY,AVATAR,TARTAN,DIETARY,LEOTARD,MUSTARD,STARK,ANTARCTIC,PLANETARY,ELEMENTARY,MILITARISM,VEGETARIAN,DOCUMENTARY,EGALITARIAN,TRIBUTARIES,STARSHIP,SCIMITAR,UNTARNISHED
AT THE BALLGAME,Stars & Stripes Pack,5,BAT,STRIKE,FOULBALL,HOMERUN,GRANDSLAM,DUGOUT,BASE,BATTERSBOX,CATCHER,SHORTSTOP,ACE,OUTFIELDER,DIAMOND,FASTBALL,CURVEBALL,SLIDER,SCREWBALL,SINKER,OFFSPEED,PITCHER,HOMEPLATE,MOUND,INFIELDER,BLEACHERS,HOTDOG,BEAN
REALLY BIG CITIES,Stars & Stripes Pack,5,NEWYORK,LOSANGELES,CHICAGO,HOUSTON,PHOENIX,SANANTONIO,SANDIEGO,DALLAS,SANJOSE,AUSTIN,COLUMBUS,FORTWORTH,CHARLOTTE,DETROIT,ELPASO,MEMPHIS,BOSTON,SEATTLE,DENVER,WASHINGTON,NASHVILLE,BALTIMORE,LOUISVILLE,PORTLAND,MILWAUKEE,LASVEGAS,TUCSON
DOWN SET HIKE!,Stars & Stripes Pack,5,TOUCHDOWN,HIKE,DEFENSE,OFFENSE,PENALTY,KICKER,QUARTERBACK,DOWN,ENDZONE,TACKLE,PASS,FIRSTDOWN,TOUCHDOWN,FIELDGOAL,TOUCHBACK,LINEBACKER,FUMBLE,SACK,HUDDLE,KICKOFF,RUSH,INTERCEPT,BLOCKING,COMPLETION,SAFETY
AMERICAN INVENTIONS,Stars & Stripes Pack,5,AIRBAG,BASSGUITAR,FLASHLIGHT,HAIRSPRAY,LAPTOP,BASEBALL,BARBEDWIRE,PAINTBALL,SKATEBOARD,CANDYCORN,SLOTMACHINE,LASER,POLYGRAPH,BIFOCALS,WINDSURFING,CALCULATOR,ZIPPER,BEACHBALL,VIDEOGAMES,INTERNET,JUKEBOX,MOTORCYCLE,SNOWBOARD,BUBBLEGUM,EMAIL,DENTALFLOSS
KITTY CORNER,Flora & Fauna & Food Pack,6,BURMESE,PIXIEBOB,RAGAMUFFIN,CHARTREUX,RUSSIANBLUE,EGYPTIANMAU,SIAMESE,HIMALAYAN,BENGAL,JAVANESE,KORAT,LAPERM,MAINECOON,ABYSSINIAN,TOYGER,MANX,OCICAT,SIBERIAN,BIRMAN,SOKOKE,TURKISHVAN,PERSIAN,TONKINESE,BALINESE,PETERBALD,BOMBAY,CYMRIC
BLOOMS & BLOSSOMS,Flora & Fauna & Food Pack,6,DAISY,ORCHID,CARNATION,HEATHER,TULIP,ROSE,SUNFLOWER,LILAC,GLADIOLUS,LUPINE,HYACINTH,PLUMERIA,ANTHURIUM,CRAPEMYRTLE,GARDENIA,IRIS,MAGNOLIA,OLEANDER,GERANIUM,SNAPDRAGON,WISTERIA,ZINNIA,HIBISCUS,PENSTEMON,GLADIOLUS,HELIOTROPE,LARKSPUR,LOTUS
SEARCHIN' SAFARI,Flora & Fauna & Food Pack,6,LION,AARDVARK,ELEPHANT,CHEETAH,FLAMINGO,GIRAFFE,IMPALA,HEDGEHOG,ANTELOPE,WILDEBEEST,ZEBRA,JACKAL,HYENA,RHINOCEROS,ELAND,CHIMPANZEE,SPRINGHARE,GAZELLE,GOLDENMOLE,MEERKAT,BLACKMAMBA,OSTRICH,OKAPI,KUDU,BUSHPIG
MEATLOVERS,Flora & Fauna & Food Pack,6,CARNITAS,SALAMI,BRATWURST,PEPPERONI,ROASTCHICKEN,BACON,PRIMERIB,PORKCHOPS,TURDUCKEN,MINCE,JERKY,SPARERIBS,MEATBALL,MEATLOAF,OXTAIL,RACKOFLAMB,CORNEDBEEF,PULLEDPORK,BILTONG,PORTERHOUSE,HOTWINGS,FILET,TENDERLOIN,HAMBURGER,BARBECUE
GO NUTS!,Flora & Fauna & Food Pack,6,ACORN,HAZELNUT,KOLA,CANDLENUT,PALM,MONGONGO,KARUKA,ALMOND,WALNUT,CHESTNUT,FILBERT,REDBOPPLE,MACADAMIA,KURRAJONG,CASHEW,PECAN,COCONUT,PISTACHIO,BUTTERNUT,PEANUT,BRAZILNUT,PINENUT,BETEL,CANARIUM, GABON
TASTY PASTRY,Flora & Fauna & Food Pack,6,BAKLAVA,BEARCLAW,MUFFIN,CUPCAKE,COOKIE,TURNOVER,STRUDEL,SPANAKOPITA,CANNOLI,PASTIE,CROISSANT,CURRYPUFF,ECLAIR,EMPANADA,CREAMPUFF,PRETZEL,LATTICE,PANDULCE,PANZAROTTI,PHYLLO,CHERRYPIE,POTPIE,SAMOSA,STREUSEL,TORTELL,UTAP,ALOOPIE,BANITSA
SO SAUCY,Flora & Fauna & Food Pack,6,DEMICLACE,AIOLI,REMOULADE,TARTAR,BARBECUE,KETCHUP,SALSAROJA,TOMATO,BORDELAISE,ROMESCO,GRAVY,PESTO,BECHAMEL,VELOUTE,SALSAVERDE,HARISSA,HOISIN,SRIRACHA,SOY,PONZU,TERIYAKI,SATAY,PEPPERCORN,CHIMICHURRI,HOLLANDAISE,AUJUS,TZATZIKI,BOLOGNESE,ARRABBIATA,MARINARA,MOLE
SPARKLY STONES,Flora & Fauna & Food Pack,6,AGATE,DIAMOND,EMERALD,GARNET,JADE,OPAL,AMETHYST,RUBY,SAPPHIRE,TOPAZ,TOURMALINE,PERIDOT,AQUAMARINE,ONYX,JASPER,ALEXANDRITE,AMBER,OBSIDIAN,SERPENTINE,ROSEQUARTZ,TANZANITE,MOONSTONE,PEARL,SUNSTONE,CITRINE,BERYL
VIVA ITALIA,European Vacation,7,GELATO,ROMA,VENICE,DAVINCI,FLORENCE,NAPOLI,COLISEUM,PIZZA,TUSCANY,SICILY,SPAGHETTI,TOWEROFPISA,CIAO,BELLA,VATICANCITY,MILAN,BELLINI,LASAGNA,COMOLAKE,FINEART,GONDOLA,VESUVIUS,MORTADELLA,FONTINA,OSSOBUCO
FRANCE AT A GLANCE!,European Vacation,7,PARIS,EIFFELTOWER,LORRAINE,LOUVRE,CROISSANT,DIJON,BAGUETTE,BONJOUR,CLAUDEMONET,ARCTRIOMPHE,MONALISA,NOTREDAME,SACRECOEUR,MARSEILLE,BORDEAUX,COQAUVIN,CREPE,NORMANDY,ECLAIR,AQUITAINE,PICARDY,CREMEBRULEE,BISTRO,CAFE,QUICHE
MERRY OL' ENGLAND,European Vacation,7,BIGBEN,LONDON,UNIONJACK,STONEHENGE,FISHNCHIPS,FOOTBALL,RUGBY,SUSSEX,ROYALFAMILY,BUCKINGHAM,KENT,HIGHTEA,CASTLES,ABBEYROAD,CROWNJEWELS,WARWICK,THETUBE,YORKSHIRE,BANGERS,MASH,PUBLICHOUSE,DOVER,RIVERTHAMES,MANCHESTER,CRUMPET
LUCK OF THE IRISH,European Vacation,7,DUBLIN,CELTS,IRISHSEA,OSCARWILDE,TULLAMORE,IRISHSTEW,BUNRATTY,SODABREAD,CODDLE,BOYNEVALLEY,BLARNEY,MOHERCLIFFS,IRELANDSEYE,BOXTY,GLENDALOUGH,GREEN,CASTLES,BARMBRACK,SLAINTE,POTATOES,JAMESJOYCE,LUCK,LEPRECHAUN,FOURCOURTS,CLOVERS
NO SPAIN NO GAIN,European Vacation,7,MADRID,COSTADELSOL,PAMPLONA,SEVILLE,TAPAS,MATADOR,PALACIOREAL,MALLORCA,PAELLA,TOLEDO,DALI,BARCELONA,EMPANADA,ELESCORIAL,PICASSO,CORTES,SALUD,GAZPACHO,IBIZA,SOFRITO,CATALAN,BASQUE,CHORIZO,GALICIA,ALHAMBRA
GER-MANIA!,European Vacation,7,AUTOBAHN,LEDERHOSEN,BERLIN,WAGNER,BAVARIA,RHINERIVER,OKTOBERFEST,BLACKFOREST,HEIDELBURG,DRESDEN,SPAETZLE,MUNICH,BRANDENBURG,REICHSTAG,EINSTEIN,BACH,SCHNITZEL,HANDEL,BRATWURST,BEETHOVEN,PRETZEL,SAUERBRATEN,NURBURG,HALLO,PROST
GREECE LIGHTNING,European Vacation,7,ATHENS,THESSALY,AGORA,ATTICA,CRETE,EPIRUS,ACROPOLIS,PELOPONNESE,AEGEANSEA,GYROS,PARTHENON,ARCHIMEDES,IONIANSEA,FETA,SPANAKOPITA,ERECHTHEION,TZATZIKI,ARISTOTLE,PYTHAGORAS,MOUSSAKA,DELOS,OLYMPIA,RHODES,DELPHI,MYKONOS
PORTU-GUESS,European Vacation,7,LISBON,CABODAROCA,BELEMTOWER,CASCAIS,ROSSIO,SINTRA,EVORA,CRISTOREI,PORTO,FADOMUSIC,BATALHA,FATIMA,TRIPE,FRANCESINHA,CHANFANA,ALHEIRA,SALTEDCOD,FEIJOADA,LAGOS,NAZARE,ALFAMA,DOURO,COIMBRA,ATLANTIC,SAUDE
DRAW SOME THINGS,Favorite Things Pack,102,ACRYLIC,ARTIST,BATIK,BLEND,BRUSH,CALLIGRAPHY,CARTOON,CERAMIC,CONTRAST,CRAYON,CROSSHATCH,EASEL,ENAMEL,ENGRAVE,ERASE,GALLERY,GRAPHITE,GRAFFITI,KILN,LANDSCAPE,MARKER,MOSAIC,OILPAINT,PAINTBRUSH,PALETTE,PORTRAIT,SILKSCREEN,STENCIL,TEMPLATE,PAINTING,WATERCOLOR
SNOWMAN-IAC,Winter Wonderland Pack,104,WINTER,SNOWBALL,ROUND,CARROT,OLAF,NOSE,BUILD
